country,publish_year,data_year,source_url,doi,title,publication_date,article_local_path
Australia,2001,2000,https://ejpr.onlinelibrary.wiley.com/doi/10.1111/1475-6765.00596-i1,10.1111/1475-6765.00596-i1,NA,02 May 2003,NA
Australia,2002,2001,https://ejpr.onlinelibrary.wiley.com/doi/10.1111/j.0304-4130.2003.00110.x,10.1111/j.0304-4130.2003.00110.x,NA,10 December 2003,./webdata/australia_2001.html
Australia,2003,2002,https://ejpr.onlinelibrary.wiley.com/doi/10.1111/j.1475-6765.2004.00182.x,10.1111/j.1475-6765.2004.00182.x,NA,06 December 2004,./webdata/australia_2002.html
Australia,2004,2003,https://ejpr.onlinelibrary.wiley.com/doi/10.1111/j.1475-6765.2005.00254.x,10.1111/j.1475-6765.2005.00254.x,NA,11 November 2005,./webdata/australia_2003.html
Australia,2005,2004,https://ejpr.onlinelibrary.wiley.com/doi/10.1111/j.1475-6765.2006.00654.x,10.1111/j.1475-6765.2006.00654.x,NA,30 November 2006,./webdata/australia_2004.html
Australia,2006,2005,https://ejpr.onlinelibrary.wiley.com/doi/10.1111/j.1475-6765.2007.00729.x,10.1111/j.1475-6765.2007.00729.x,NA,26 November 2007,./webdata/australia_2005.html
Australia,2007,2006,https://ejpr.onlinelibrary.wiley.com/doi/10.1111/j.1475-6765.2008.00788.x,10.1111/j.1475-6765.2008.00788.x,NA,13 October 2008,./webdata/australia_2006.html
Australia,2008,2007,https://ejpr.onlinelibrary.wiley.com/doi/10.1111/j.1475-6765.2009.01893.x,10.1111/j.1475-6765.2009.01893.x,NA,06 November 2009,./webdata/australia_2007.html
Australia,2009,2008,https://ejpr.onlinelibrary.wiley.com/doi/10.1111/j.1475-6765.2010.01942.x,10.1111/j.1475-6765.2010.01942.x,NA,17 November 2010,./webdata/australia_2008.html
Australia,2010,2009,https://ejpr.onlinelibrary.wiley.com/doi/10.1111/j.1475-6765.2011.02011.x,10.1111/j.1475-6765.2011.02011.x,NA,20 December 2011,./webdata/australia_2009.html
Australia,2011,2010,https://ejpr.onlinelibrary.wiley.com/doi/10.1111/j.1475-6765.2011.02011.x,10.1111/j.1475-6765.2011.02011.x,NA,20 December 2011,./webdata/australia_2010.html
Australia,2012,2011,https://ejpr.onlinelibrary.wiley.com/doi/10.1111/j.2047-8852.2012.00001.x,10.1111/j.2047-8852.2012.00001.x,NA,06 December 2012,./webdata/australia_2011.html
Australia,2013,2012,https://ejpr.onlinelibrary.wiley.com/doi/10.1111/2047-8852.12000,10.1111/2047-8852.12000,NA,14 January 2014,./webdata/australia_2012.html
Australia,2014,2013,https://ejpr.onlinelibrary.wiley.com/doi/10.1111/2047-8852.12037/full,10.1111/2047-8852.12037,NA,17 March 2015,./webdata/australia_2013.html
Australia,2015,2014,https://ejpr.onlinelibrary.wiley.com/doi/10.1111/2047-8852.12075/full,10.1111/2047-8852.12075,NA,28 January 2016,./webdata/australia_2014.html
Australia,2016,2015,https://ejpr.onlinelibrary.wiley.com/doi/10.1111/2047-8852.12115/full,10.1111/2047-8852.12115,NA,14 December 2016,./webdata/australia_2015.html
Australia,2017,2016,https://ejpr.onlinelibrary.wiley.com/doi/10.1111/2047-8852.12175,10.1111/2047-8852.12175,NA,19 July 2017,./webdata/australia_2016.html
Australia,2018,2017,https://ejpr.onlinelibrary.wiley.com/doi/10.1111/2047-8852.12203,10.1111/2047-8852.12203,NA,30 August 2018,./webdata/australia_2017.html
Austria,2001,2000,https://ejpr.onlinelibrary.wiley.com/doi/10.1111/1475-6765.00345-i1,10.1111/1475-6765.00345-i1,NA,02 May 2003,NA
Austria,2002,2001,https://ejpr.onlinelibrary.wiley.com/doi/10.1111/j.0304-4130.2003.00111.x,10.1111/j.0304-4130.2003.00111.x,NA,10 December 2003,./webdata/austria_2001.html
Austria,2003,2002,https://ejpr.onlinelibrary.wiley.com/doi/10.1111/j.1475-6765.2004.00183.x,10.1111/j.1475-6765.2004.00183.x,NA,06 December 2004,./webdata/austria_2002.html
Austria,2004,2003,https://ejpr.onlinelibrary.wiley.com/doi/10.1111/j.1475-6765.2005.00255.x,10.1111/j.1475-6765.2005.00255.x,NA,11 November 2005,./webdata/austria_2003.html
Austria,2005,2004,https://ejpr.onlinelibrary.wiley.com/doi/10.1111/j.1475-6765.2006.00655.x,10.1111/j.1475-6765.2006.00655.x,NA,30 November 2006,./webdata/austria_2004.html
Austria,2006,2005,https://ejpr.onlinelibrary.wiley.com/doi/10.1111/j.1475-6765.2007.00730.x,10.1111/j.1475-6765.2007.00730.x,NA,26 November 2007,./webdata/austria_2005.html
Austria,2007,2006,https://ejpr.onlinelibrary.wiley.com/doi/10.1111/j.1475-6765.2008.00814.x,10.1111/j.1475-6765.2008.00814.x,NA,13 October 2008,./webdata/austria_2006.html
Austria,2008,2007,https://ejpr.onlinelibrary.wiley.com/doi/10.1111/j.1475-6765.2009.01892.x,10.1111/j.1475-6765.2009.01892.x,NA,06 November 2009,./webdata/austria_2007.html
Austria,2009,2008,https://ejpr.onlinelibrary.wiley.com/doi/10.1111/j.1475-6765.2010.001943.x,10.1111/j.1475-6765.2010.001943.x,NA,17 November 2010,./webdata/austria_2008.html
Austria,2010,2009,https://ejpr.onlinelibrary.wiley.com/doi/10.1111/j.1475-6765.2011.02012.x,10.1111/j.1475-6765.2011.02012.x,NA,20 December 2011,./webdata/austria_2009.html
Austria,2011,2010,https://ejpr.onlinelibrary.wiley.com/doi/10.1111/j.1475-6765.2011.02012.x,10.1111/j.1475-6765.2011.02012.x,NA,20 December 2011,./webdata/austria_2010.html
Austria,2012,2011,https://ejpr.onlinelibrary.wiley.com/doi/10.1111/j.2047-8852.2012.00002.x,10.1111/j.2047-8852.2012.00002.x,NA,06 December 2012,./webdata/austria_2011.html
Austria,2013,2012,https://ejpr.onlinelibrary.wiley.com/doi/10.1111/2047-8852.12001,10.1111/2047-8852.12001,NA,14 January 2014,./webdata/austria_2012.html
Austria,2014,2013,https://ejpr.onlinelibrary.wiley.com/doi/10.1111/2047-8852.12038/full,10.1111/2047-8852.12038,NA,17 March 2015,./webdata/austria_2013.html
Austria,2015,2014,https://ejpr.onlinelibrary.wiley.com/doi/10.1111/2047-8852.12076/full,10.1111/2047-8852.12076,NA,28 January 2016,./webdata/austria_2014.html
Austria,2016,2015,https://ejpr.onlinelibrary.wiley.com/doi/10.1111/2047-8852.12116/full,10.1111/2047-8852.12116,NA,14 December 2016,./webdata/austria_2015.html
Austria,2017,2016,https://ejpr.onlinelibrary.wiley.com/doi/10.1111/2047-8852.12174,10.1111/2047-8852.12174,NA,18 September 2017,./webdata/austria_2016.html
Austria,2018,2017,https://ejpr.onlinelibrary.wiley.com/doi/10.1111/2047-8852.12230,10.1111/2047-8852.12230,NA,08 November 2018,./webdata/austria_2017.html
Belgium,2001,2000,https://ejpr.onlinelibrary.wiley.com/doi/10.1111/1475-6765.00041,10.1111/1475-6765.00041,NA,02 May 2003,NA
Belgium,2002,2001,https://ejpr.onlinelibrary.wiley.com/doi/10.1111/j.0304-4130.2003.00112.x,10.1111/j.0304-4130.2003.00112.x,NA,10 December 2003,./webdata/belgium_2001.html
Belgium,2003,2002,https://ejpr.onlinelibrary.wiley.com/doi/10.1111/j.1475-6765.2004.00184.x,10.1111/j.1475-6765.2004.00184.x,NA,06 December 2004,./webdata/belgium_2002.html
Belgium,2004,2003,https://ejpr.onlinelibrary.wiley.com/doi/10.1111/j.1475-6765.2005.00256.x,10.1111/j.1475-6765.2005.00256.x,NA,11 November 2005,./webdata/belgium_2003.html
Belgium,2005,2004,https://ejpr.onlinelibrary.wiley.com/doi/10.1111/j.1475-6765.2006.00656.x,10.1111/j.1475-6765.2006.00656.x,NA,30 November 2006,./webdata/belgium_2004.html
Belgium,2006,2005,https://ejpr.onlinelibrary.wiley.com/doi/10.1111/j.1475-6765.2007.00731.x,10.1111/j.1475-6765.2007.00731.x,NA,26 November 2007,./webdata/belgium_2005.html
Belgium,2007,2006,https://ejpr.onlinelibrary.wiley.com/doi/10.1111/j.1475-6765.2008.00828.x,10.1111/j.1475-6765.2008.00828.x,NA,13 October 2008,./webdata/belgium_2006.html
Belgium,2008,2007,https://ejpr.onlinelibrary.wiley.com/doi/10.1111/j.1475-6765.2009.01852.x,10.1111/j.1475-6765.2009.01852.x,NA,06 November 2009,./webdata/belgium_2007.html
Belgium,2009,2008,https://ejpr.onlinelibrary.wiley.com/doi/10.1111/j.1475-6765.2010.01944.x,10.1111/j.1475-6765.2010.01944.x,NA,17 November 2010,./webdata/belgium_2008.html
Belgium,2010,2009,https://ejpr.onlinelibrary.wiley.com/doi/10.1111/j.1475-6765.2011.02013.x,10.1111/j.1475-6765.2011.02013.x,NA,20 December 2011,./webdata/belgium_2009.html
Belgium,2011,2010,https://ejpr.onlinelibrary.wiley.com/doi/10.1111/j.1475-6765.2011.02013.x,10.1111/j.1475-6765.2011.02013.x,NA,20 December 2011,./webdata/belgium_2010.html
Belgium,2012,2011,https://ejpr.onlinelibrary.wiley.com/doi/%2010.1111/j.2047-8852.2012.00003.x,NA,NA,NA,NA
Belgium,2013,2012,https://ejpr.onlinelibrary.wiley.com/doi/%2010.1111/2047-8852.12002,NA,NA,NA,NA
Belgium,2014,2013,https://ejpr.onlinelibrary.wiley.com/doi/10.1111/2047-8852.12039/full,10.1111/2047-8852.12039,NA,17 March 2015,./webdata/belgium_2013.html
Belgium,2015,2014,https://ejpr.onlinelibrary.wiley.com/doi/10.1111/2047-8852.12077/full,10.1111/2047-8852.12077,NA,28 January 2016,./webdata/belgium_2014.html
Belgium,2016,2015,https://ejpr.onlinelibrary.wiley.com/doi/10.1111/2047-8852.12117/full,10.1111/2047-8852.12117,NA,14 December 2016,./webdata/belgium_2015.html
Belgium,2017,2016,https://ejpr.onlinelibrary.wiley.com/doi/10.1111/2047-8852.12171,10.1111/2047-8852.12171,NA,30 June 2017,./webdata/belgium_2016.html
Belgium,2018,2017,https://ejpr.onlinelibrary.wiley.com/doi/10.1111/2047-8852.12200,10.1111/2047-8852.12200,NA,25 July 2018,./webdata/belgium_2017.html
Canada,2001,2000,https://ejpr.onlinelibrary.wiley.com/doi/10.1111/1475-6765.00347-i1,10.1111/1475-6765.00347-i1,NA,02 May 2003,NA
Canada,2002,2001,https://ejpr.onlinelibrary.wiley.com/doi/10.1111/j.0304-4130.2003.00113.x,10.1111/j.0304-4130.2003.00113.x,NA,10 December 2003,./webdata/canada_2001.html
Canada,2003,2002,https://ejpr.onlinelibrary.wiley.com/doi/10.1111/j.1475-6765.2004.00185.x,10.1111/j.1475-6765.2004.00185.x,NA,06 December 2004,./webdata/canada_2002.html
Canada,2004,2003,https://ejpr.onlinelibrary.wiley.com/doi/10.1111/j.1475-6765.2005.00257.x,10.1111/j.1475-6765.2005.00257.x,NA,11 November 2005,./webdata/canada_2003.html
Canada,2005,2004,https://ejpr.onlinelibrary.wiley.com/doi/10.1111/j.1475-6765.2006.00657.x,10.1111/j.1475-6765.2006.00657.x,NA,30 November 2006,./webdata/canada_2004.html
Canada,2006,2005,https://ejpr.onlinelibrary.wiley.com/doi/10.1111/j.1475-6765.2007.00733.x,10.1111/j.1475-6765.2007.00733.x,NA,26 November 2007,./webdata/canada_2005.html
Canada,2007,2006,https://ejpr.onlinelibrary.wiley.com/doi/10.1111/j.1475-6765.2008.00790.x,10.1111/j.1475-6765.2008.00790.x,NA,13 October 2008,./webdata/canada_2006.html
Canada,2008,2007,https://ejpr.onlinelibrary.wiley.com/doi/10.1111/j.1475-6765.2009.01854.x,10.1111/j.1475-6765.2009.01854.x,NA,06 November 2009,./webdata/canada_2007.html
Canada,2009,2008,https://ejpr.onlinelibrary.wiley.com/doi/10.1111/j.1475-6765.2010.01946.x,10.1111/j.1475-6765.2010.01946.x,NA,17 November 2010,./webdata/canada_2008.html
Canada,2010,2009,https://ejpr.onlinelibrary.wiley.com/doi/10.1111/j.1475-6765.2011.02015.x,10.1111/j.1475-6765.2011.02015.x,NA,20 December 2011,./webdata/canada_2009.html
Canada,2011,2010,https://ejpr.onlinelibrary.wiley.com/doi/10.1111/j.1475-6765.2011.02015.x,10.1111/j.1475-6765.2011.02015.x,NA,20 December 2011,./webdata/canada_2010.html
Canada,2012,2011,https://ejpr.onlinelibrary.wiley.com/doi/10.1111/j.2047-8852.2012.00005.x,10.1111/j.2047-8852.2012.00005.x,NA,06 December 2012,./webdata/canada_2011.html
Canada,2013,2012,https://ejpr.onlinelibrary.wiley.com/doi/%2010.1111/2047-8852.12004,NA,NA,NA,NA
Canada,2014,2013,https://ejpr.onlinelibrary.wiley.com/doi/10.1111/2047-8852.12041/full,10.1111/2047-8852.12041,NA,17 March 2015,./webdata/canada_2013.html
Canada,2015,2014,https://ejpr.onlinelibrary.wiley.com/doi/10.1111/2047-8852.12079/full,10.1111/2047-8852.12079,NA,28 January 2016,./webdata/canada_2014.html
Canada,2016,2015,https://ejpr.onlinelibrary.wiley.com/doi/10.1111/2047-8852.12119/full,10.1111/2047-8852.12119,NA,14 December 2016,./webdata/canada_2015.html
Canada,2017,2016,https://ejpr.onlinelibrary.wiley.com/doi/10.1111/2047-8852.12153,10.1111/2047-8852.12153,NA,21 June 2017,./webdata/canada_2016.html
Canada,2018,2017,https://ejpr.onlinelibrary.wiley.com/doi/10.1111/2047-8852.12193,10.1111/2047-8852.12193,NA,13 July 2018,./webdata/canada_2017.html
Denmark,2001,2000,https://ejpr.onlinelibrary.wiley.com/doi/10.1111/1475-6765.00349-i1,10.1111/1475-6765.00349-i1,NA,02 May 2003,NA
Denmark,2002,2001,https://ejpr.onlinelibrary.wiley.com/doi/10.1111/j.0304-4130.2003.00115.x,10.1111/j.0304-4130.2003.00115.x,NA,10 December 2003,./webdata/denmark_2001.html
Denmark,2003,2002,https://ejpr.onlinelibrary.wiley.com/doi/10.1111/j.1475-6765.2004.00188.x,10.1111/j.1475-6765.2004.00188.x,NA,06 December 2004,./webdata/denmark_2002.html
Denmark,2004,2003,https://ejpr.onlinelibrary.wiley.com/doi/10.1111/j.1475-6765.2005.00260.x,10.1111/j.1475-6765.2005.00260.x,NA,11 November 2005,./webdata/denmark_2003.html
Denmark,2005,2004,https://ejpr.onlinelibrary.wiley.com/doi/10.1111/j.1475-6765.2006.00660.x,10.1111/j.1475-6765.2006.00660.x,NA,30 November 2006,./webdata/denmark_2004.html
Denmark,2006,2005,https://ejpr.onlinelibrary.wiley.com/doi/10.1111/j.1475-6765.2007.00736.x,10.1111/j.1475-6765.2007.00736.x,NA,26 November 2007,./webdata/denmark_2005.html
Denmark,2007,2006,https://ejpr.onlinelibrary.wiley.com/doi/10.1111/j.1475-6765.2008.00817.x,10.1111/j.1475-6765.2008.00817.x,NA,13 October 2008,./webdata/denmark_2006.html
Denmark,2008,2007,https://ejpr.onlinelibrary.wiley.com/doi/10.1111/j.1475-6765.2009.01855.x,10.1111/j.1475-6765.2009.01855.x,NA,06 November 2009,./webdata/denmark_2007.html
Denmark,2009,2008,https://ejpr.onlinelibrary.wiley.com/doi/10.1111/j.1475-6765.2010.01949.x,10.1111/j.1475-6765.2010.01949.x,NA,17 November 2010,./webdata/denmark_2008.html
Denmark,2010,2009,https://ejpr.onlinelibrary.wiley.com/doi/10.1111/j.1475-6765.2011.02018.x,10.1111/j.1475-6765.2011.02018.x,NA,20 December 2011,./webdata/denmark_2009.html
Denmark,2011,2010,https://ejpr.onlinelibrary.wiley.com/doi/10.1111/j.1475-6765.2011.02018.x,10.1111/j.1475-6765.2011.02018.x,NA,20 December 2011,./webdata/denmark_2010.html
Denmark,2012,2011,https://ejpr.onlinelibrary.wiley.com/doi/10.1111/j.2047-8852.2012.00008.x,10.1111/j.2047-8852.2012.00008.x,NA,06 December 2012,./webdata/denmark_2011.html
Denmark,2013,2012,https://ejpr.onlinelibrary.wiley.com/doi/10.1111/2047-8852.12007,10.1111/2047-8852.12007,NA,14 January 2014,./webdata/denmark_2012.html
Denmark,2014,2013,https://ejpr.onlinelibrary.wiley.com/doi/10.1111/2047-8852.12044/full,10.1111/2047-8852.12044,NA,17 March 2015,./webdata/denmark_2013.html
Denmark,2015,2014,https://ejpr.onlinelibrary.wiley.com/doi/10.1111/2047-8852.12083/full,10.1111/2047-8852.12083,NA,28 January 2016,./webdata/denmark_2014.html
Denmark,2016,2015,https://ejpr.onlinelibrary.wiley.com/doi/10.1111/2047-8852.12131/full,10.1111/2047-8852.12131,NA,14 December 2016,./webdata/denmark_2015.html
Denmark,2017,2016,https://ejpr.onlinelibrary.wiley.com/doi/10.1111/2047-8852.12154,10.1111/2047-8852.12154,NA,21 June 2017,./webdata/denmark_2016.html
Denmark,2018,2017,https://ejpr.onlinelibrary.wiley.com/doi/10.1111/2047-8852.12194,10.1111/2047-8852.12194,NA,13 July 2018,./webdata/denmark_2017.html
Finland,2001,2000,https://ejpr.onlinelibrary.wiley.com/doi/10.1111/1475-6765.00044-i1,10.1111/1475-6765.00044-i1,NA,02 May 2003,NA
Finland,2002,2001,https://ejpr.onlinelibrary.wiley.com/doi/10.1111/j.0304-4130.2003.00117.x,10.1111/j.0304-4130.2003.00117.x,NA,10 December 2003,./webdata/finland_2001.html
Finland,2003,2002,https://ejpr.onlinelibrary.wiley.com/doi/10.1111/j.1475-6765.2004.00190.x,10.1111/j.1475-6765.2004.00190.x,NA,06 December 2004,./webdata/finland_2002.html
Finland,2004,2003,https://ejpr.onlinelibrary.wiley.com/doi/10.1111/j.1475-6765.2005.00262.x,10.1111/j.1475-6765.2005.00262.x,NA,11 November 2005,./webdata/finland_2003.html
Finland,2005,2004,https://ejpr.onlinelibrary.wiley.com/doi/10.1111/j.1475-6765.2006.00662.x,10.1111/j.1475-6765.2006.00662.x,NA,30 November 2006,./webdata/finland_2004.html
Finland,2006,2005,https://ejpr.onlinelibrary.wiley.com/doi/10.1111/j.1475-6765.2007.00737.x,10.1111/j.1475-6765.2007.00737.x,NA,26 November 2007,./webdata/finland_2005.html
Finland,2007,2006,https://ejpr.onlinelibrary.wiley.com/doi/10.1111/j.1475-6765.2008.00792.x,10.1111/j.1475-6765.2008.00792.x,NA,13 October 2008,./webdata/finland_2006.html
Finland,2008,2007,https://ejpr.onlinelibrary.wiley.com/doi/10.1111/j.1475-6765.2009.01856.x,10.1111/j.1475-6765.2009.01856.x,NA,06 November 2009,./webdata/finland_2007.html
Finland,2009,2008,https://ejpr.onlinelibrary.wiley.com/doi/10.1111/j.1475-6765.2010.01951.x,10.1111/j.1475-6765.2010.01951.x,NA,17 November 2010,./webdata/finland_2008.html
Finland,2010,2009,https://ejpr.onlinelibrary.wiley.com/doi/10.1111/j.1475-6765.2011.02020.x,10.1111/j.1475-6765.2011.02020.x,NA,20 December 2011,./webdata/finland_2009.html
Finland,2011,2010,https://ejpr.onlinelibrary.wiley.com/doi/10.1111/j.1475-6765.2011.02020.x,10.1111/j.1475-6765.2011.02020.x,NA,20 December 2011,./webdata/finland_2010.html
Finland,2012,2011,https://ejpr.onlinelibrary.wiley.com/doi/10.1111/j.2047-8852.2012.00010.x,10.1111/j.2047-8852.2012.00010.x,NA,06 December 2012,./webdata/finland_2011.html
Finland,2013,2012,https://ejpr.onlinelibrary.wiley.com/doi/10.1111/2047-8852.12009,10.1111/2047-8852.12009,NA,14 January 2014,./webdata/finland_2012.html
Finland,2014,2013,https://ejpr.onlinelibrary.wiley.com/doi/10.1111/2047-8852.12046/full,10.1111/2047-8852.12046,NA,17 March 2015,./webdata/finland_2013.html
Finland,2015,2014,https://ejpr.onlinelibrary.wiley.com/doi/10.1111/2047-8852.12085/full,10.1111/2047-8852.12085,NA,28 January 2016,./webdata/finland_2014.html
Finland,2016,2015,https://ejpr.onlinelibrary.wiley.com/doi/10.1111/2047-8852.12121/full,10.1111/2047-8852.12121,NA,14 December 2016,./webdata/finland_2015.html
Finland,2017,2016,https://ejpr.onlinelibrary.wiley.com/doi/10.1111/2047-8852.12170,10.1111/2047-8852.12170,NA,06 September 2017,./webdata/finland_2016.html
Finland,2018,2017,https://ejpr.onlinelibrary.wiley.com/doi/10.1111/2047-8852.12219,10.1111/2047-8852.12219,NA,10 December 2018,./webdata/finland_2017.html
France,2001,2000,https://ejpr.onlinelibrary.wiley.com/doi/10.1111/1475-6765.00047,10.1111/1475-6765.00047,NA,02 May 2003,NA
France,2002,2001,https://ejpr.onlinelibrary.wiley.com/doi/10.1111/j.0304-4130.2003.00118.x,10.1111/j.0304-4130.2003.00118.x,NA,10 December 2003,./webdata/france_2001.html
France,2003,2002,https://ejpr.onlinelibrary.wiley.com/doi/10.1111/j.1475-6765.2004.00191.x,10.1111/j.1475-6765.2004.00191.x,NA,06 December 2004,./webdata/france_2002.html
France,2004,2003,https://ejpr.onlinelibrary.wiley.com/doi/10.1111/j.1475-6765.2005.00263.x,10.1111/j.1475-6765.2005.00263.x,NA,11 November 2005,./webdata/france_2003.html
France,2005,2004,https://ejpr.onlinelibrary.wiley.com/doi/10.1111/j.1475-6765.2006.00663.x,10.1111/j.1475-6765.2006.00663.x,NA,30 November 2006,./webdata/france_2004.html
France,2006,2005,https://ejpr.onlinelibrary.wiley.com/doi/10.1111/j.1475-6765.2007.00738.x,10.1111/j.1475-6765.2007.00738.x,NA,26 November 2007,./webdata/france_2005.html
France,2007,2006,https://ejpr.onlinelibrary.wiley.com/doi/10.1111/j.1475-6765.2008.00823.x,10.1111/j.1475-6765.2008.00823.x,NA,13 October 2008,./webdata/france_2006.html
France,2008,2007,https://ejpr.onlinelibrary.wiley.com/doi/10.1111/j.1475-6765.2009.01857.x,10.1111/j.1475-6765.2009.01857.x,NA,06 November 2009,./webdata/france_2007.html
France,2009,2008,https://ejpr.onlinelibrary.wiley.com/doi/10.1111/j.1475-6765.2010.01952.x,10.1111/j.1475-6765.2010.01952.x,NA,17 November 2010,./webdata/france_2008.html
France,2011,2010,https://ejpr.onlinelibrary.wiley.com/doi/10.1111/j.1475-6765.2011.02021.x,10.1111/j.1475-6765.2011.02021.x,NA,20 December 2011,./webdata/france_2010.html
France,2012,2011,https://ejpr.onlinelibrary.wiley.com/doi/10.1111/j.2047-8852.2012.00011.x,10.1111/j.2047-8852.2012.00011.x,NA,06 December 2012,./webdata/france_2011.html
France,2013,2012,https://ejpr.onlinelibrary.wiley.com/doi/%2010.1111/2047-8852.12010,NA,NA,NA,NA
France,2014,2013,https://ejpr.onlinelibrary.wiley.com/doi/10.1111/2047-8852.12047/full,10.1111/2047-8852.12047,NA,17 March 2015,./webdata/france_2013.html
France,2015,2014,https://ejpr.onlinelibrary.wiley.com/doi/10.1111/2047-8852.12086/full,10.1111/2047-8852.12086,NA,28 January 2016,./webdata/france_2014.html
France,2016,2015,https://ejpr.onlinelibrary.wiley.com/doi/10.1111/2047-8852.12122/full,10.1111/2047-8852.12122,NA,14 December 2016,./webdata/france_2015.html
France,2017,2016,https://ejpr.onlinelibrary.wiley.com/doi/10.1111/2047-8852.12181,10.1111/2047-8852.12181,NA,22 August 2017,./webdata/france_2016.html
France,2018,2017,https://ejpr.onlinelibrary.wiley.com/doi/10.1111/2047-8852.12225,10.1111/2047-8852.12225,NA,21 September 2018,./webdata/france_2017.html
Germany,2001,2000,https://ejpr.onlinelibrary.wiley.com/doi/10.1111/1475-6765.00352-i1,10.1111/1475-6765.00352-i1,NA,02 May 2003,NA
Germany,2002,2001,https://ejpr.onlinelibrary.wiley.com/doi/10.1111/j.0304-4130.2003.00119.x,10.1111/j.0304-4130.2003.00119.x,NA,10 December 2003,./webdata/germany_2001.html
Germany,2003,2002,https://ejpr.onlinelibrary.wiley.com/doi/10.1111/j.1475-6765.2004.00192.x,10.1111/j.1475-6765.2004.00192.x,NA,06 December 2004,./webdata/germany_2002.html
Germany,2004,2003,https://ejpr.onlinelibrary.wiley.com/doi/10.1111/j.1475-6765.2005.00264.x,10.1111/j.1475-6765.2005.00264.x,NA,11 November 2005,./webdata/germany_2003.html
Germany,2005,2004,https://ejpr.onlinelibrary.wiley.com/doi/10.1111/j.1475-6765.2006.00664.x,10.1111/j.1475-6765.2006.00664.x,NA,30 November 2006,./webdata/germany_2004.html
Germany,2006,2005,https://ejpr.onlinelibrary.wiley.com/doi/10.1111/j.1475-6765.2007.00739.x,10.1111/j.1475-6765.2007.00739.x,NA,26 November 2007,./webdata/germany_2005.html
Germany,2007,2006,https://ejpr.onlinelibrary.wiley.com/doi/10.1111/j.1475-6765.2008.00793.x,10.1111/j.1475-6765.2008.00793.x,NA,13 October 2008,./webdata/germany_2006.html
Germany,2008,2007,https://ejpr.onlinelibrary.wiley.com/doi/10.1111/j.1475-6765.2009.01858.x,10.1111/j.1475-6765.2009.01858.x,NA,06 November 2009,./webdata/germany_2007.html
Germany,2009,2008,https://ejpr.onlinelibrary.wiley.com/doi/10.1111/j.1475-6765.2010.01953.x,10.1111/j.1475-6765.2010.01953.x,NA,17 November 2010,./webdata/germany_2008.html
Germany,2010,2009,https://ejpr.onlinelibrary.wiley.com/doi/10.1111/j.1475-6765.2011.02022.x,10.1111/j.1475-6765.2011.02022.x,NA,20 December 2011,./webdata/germany_2009.html
Germany,2011,2010,https://ejpr.onlinelibrary.wiley.com/doi/10.1111/j.1475-6765.2011.02022.x,10.1111/j.1475-6765.2011.02022.x,NA,20 December 2011,./webdata/germany_2010.html
Germany,2012,2011,https://ejpr.onlinelibrary.wiley.com/doi/10.1111/j.2047-8852.2012.00012.x,10.1111/j.2047-8852.2012.00012.x,NA,06 December 2012,./webdata/germany_2011.html
Germany,2013,2012,https://ejpr.onlinelibrary.wiley.com/doi/10.1111/2047-8852.12011,10.1111/2047-8852.12011,NA,14 January 2014,./webdata/germany_2012.html
Germany,2014,2013,https://ejpr.onlinelibrary.wiley.com/doi/10.1111/2047-8852.12048/full,10.1111/2047-8852.12048,NA,17 March 2015,./webdata/germany_2013.html
Germany,2015,2014,https://ejpr.onlinelibrary.wiley.com/doi/10.1111/2047-8852.12087/full,10.1111/2047-8852.12087,NA,28 January 2016,./webdata/germany_2014.html
Germany,2016,2015,https://ejpr.onlinelibrary.wiley.com/doi/10.1111/2047-8852.12123/full,10.1111/2047-8852.12123,NA,14 December 2016,./webdata/germany_2015.html
Germany,2017,2016,https://ejpr.onlinelibrary.wiley.com/doi/10.1111/2047-8852.12156,10.1111/2047-8852.12156,NA,06 July 2017,./webdata/germany_2016.html
Germany,2018,2017,https://ejpr.onlinelibrary.wiley.com/doi/10.1111/2047-8852.12195,10.1111/2047-8852.12195,NA,01 August 2018,./webdata/germany_2017.html
Greece,2001,2000,https://ejpr.onlinelibrary.wiley.com/doi/10.1111/1475-6765.00048-i1,10.1111/1475-6765.00048-i1,NA,02 May 2003,NA
Greece,2002,2001,https://ejpr.onlinelibrary.wiley.com/doi/10.1111/j.0304-4130.2003.00120.x,10.1111/j.0304-4130.2003.00120.x,NA,10 December 2003,./webdata/greece_2001.html
Greece,2003,2002,https://ejpr.onlinelibrary.wiley.com/doi/10.1111/j.1475-6765.2004.00193.x,10.1111/j.1475-6765.2004.00193.x,NA,06 December 2004,./webdata/greece_2002.html
Greece,2004,2003,https://ejpr.onlinelibrary.wiley.com/doi/10.1111/j.1475-6765.2005.00265.x,10.1111/j.1475-6765.2005.00265.x,NA,11 November 2005,./webdata/greece_2003.html
Greece,2005,2004,https://ejpr.onlinelibrary.wiley.com/doi/10.1111/j.1475-6765.2006.00665.x,10.1111/j.1475-6765.2006.00665.x,NA,30 November 2006,./webdata/greece_2004.html
Greece,2006,2005,https://ejpr.onlinelibrary.wiley.com/doi/10.1111/j.1475-6765.2007.00740.x,10.1111/j.1475-6765.2007.00740.x,NA,26 November 2007,./webdata/greece_2005.html
Greece,2007,2006,https://ejpr.onlinelibrary.wiley.com/doi/10.1111/j.1475-6765.2008.00794.x,10.1111/j.1475-6765.2008.00794.x,NA,13 October 2008,./webdata/greece_2006.html
Greece,2008,2007,https://ejpr.onlinelibrary.wiley.com/doi/10.1111/j.1475-6765.2009.01859.x,10.1111/j.1475-6765.2009.01859.x,NA,06 November 2009,./webdata/greece_2007.html
Greece,2009,2008,https://ejpr.onlinelibrary.wiley.com/doi/10.1111/j.1475-6765.2010.01954.x,10.1111/j.1475-6765.2010.01954.x,NA,17 November 2010,./webdata/greece_2008.html
Greece,2010,2009,https://ejpr.onlinelibrary.wiley.com/doi/10.1111/j.1475-6765.2011.02023.x,10.1111/j.1475-6765.2011.02023.x,NA,20 December 2011,./webdata/greece_2009.html
Greece,2011,2010,https://ejpr.onlinelibrary.wiley.com/doi/10.1111/j.1475-6765.2011.02023.x,10.1111/j.1475-6765.2011.02023.x,NA,20 December 2011,./webdata/greece_2010.html
Greece,2012,2011,https://ejpr.onlinelibrary.wiley.com/doi/10.1111/j.2047-8852.2012.00013.x,10.1111/j.2047-8852.2012.00013.x,NA,06 December 2012,./webdata/greece_2011.html
Greece,2013,2012,https://ejpr.onlinelibrary.wiley.com/doi/10.1111/2047-8852.12012,10.1111/2047-8852.12012,NA,14 January 2014,./webdata/greece_2012.html
Greece,2014,2013,https://ejpr.onlinelibrary.wiley.com/doi/10.1111/2047-8852.12050/full,10.1111/2047-8852.12050,NA,17 March 2015,./webdata/greece_2013.html
Greece,2015,2014,https://ejpr.onlinelibrary.wiley.com/doi/10.1111/2047-8852.12088/full,10.1111/2047-8852.12088,NA,28 January 2016,./webdata/greece_2014.html
Greece,2016,2015,https://ejpr.onlinelibrary.wiley.com/doi/10.1111/2047-8852.12124/full,10.1111/2047-8852.12124,NA,14 December 2016,./webdata/greece_2015.html
Greece,2017,2016,https://ejpr.onlinelibrary.wiley.com/doi/10.1111/2047-8852.12172,10.1111/2047-8852.12172,NA,03 July 2017,./webdata/greece_2016.html
Greece,2018,2017,https://ejpr.onlinelibrary.wiley.com/doi/10.1111/2047-8852.12201,10.1111/2047-8852.12201,NA,12 August 2018,./webdata/greece_2017.html
Ireland,2001,2000,https://ejpr.onlinelibrary.wiley.com/doi/10.1111/1475-6765.00052,10.1111/1475-6765.00052,NA,02 May 2003,NA
Ireland,2002,2001,https://ejpr.onlinelibrary.wiley.com/doi/10.1111/j.0304-4130.2003.00123.x,10.1111/j.0304-4130.2003.00123.x,NA,10 December 2003,./webdata/ireland_2001.html
Ireland,2003,2002,https://ejpr.onlinelibrary.wiley.com/doi/10.1111/j.1475-6765.2004.00196.x,10.1111/j.1475-6765.2004.00196.x,NA,06 December 2004,./webdata/ireland_2002.html
Ireland,2004,2003,https://ejpr.onlinelibrary.wiley.com/doi/10.1111/j.1475-6765.2005.00268.x,10.1111/j.1475-6765.2005.00268.x,NA,11 November 2005,./webdata/ireland_2003.html
Ireland,2005,2004,https://ejpr.onlinelibrary.wiley.com/doi/10.1111/j.1475-6765.2006.00668.x,10.1111/j.1475-6765.2006.00668.x,NA,30 November 2006,./webdata/ireland_2004.html
Ireland,2006,2005,https://ejpr.onlinelibrary.wiley.com/doi/10.1111/j.1475-6765.2007.00743.x,10.1111/j.1475-6765.2007.00743.x,NA,26 November 2007,./webdata/ireland_2005.html
Ireland,2007,2006,https://ejpr.onlinelibrary.wiley.com/doi/10.1111/j.1475-6765.2008.00796.x,10.1111/j.1475-6765.2008.00796.x,NA,13 October 2008,./webdata/ireland_2006.html
Ireland,2008,2007,https://ejpr.onlinelibrary.wiley.com/doi/10.1111/j.1475-6765.2009.01860.x,10.1111/j.1475-6765.2009.01860.x,NA,06 November 2009,./webdata/ireland_2007.html
Ireland,2009,2008,https://ejpr.onlinelibrary.wiley.com/doi/10.1111/j.1475-6765.2010.01957.x,10.1111/j.1475-6765.2010.01957.x,NA,17 November 2010,./webdata/ireland_2008.html
Ireland,2010,2009,https://ejpr.onlinelibrary.wiley.com/doi/10.1111/j.1475-6765.2011.02026.x,10.1111/j.1475-6765.2011.02026.x,NA,20 December 2011,./webdata/ireland_2009.html
Ireland,2011,2010,https://ejpr.onlinelibrary.wiley.com/doi/10.1111/j.1475-6765.2011.02026.x,10.1111/j.1475-6765.2011.02026.x,NA,20 December 2011,./webdata/ireland_2010.html
Ireland,2012,2011,https://ejpr.onlinelibrary.wiley.com/doi/10.1111/j.2047-8852.2012.00016.x,10.1111/j.2047-8852.2012.00016.x,NA,06 December 2012,./webdata/ireland_2011.html
Ireland,2013,2012,https://ejpr.onlinelibrary.wiley.com/doi/10.1111/2047-8852.12015,10.1111/2047-8852.12015,NA,14 January 2014,./webdata/ireland_2012.html
Ireland,2014,2013,https://ejpr.onlinelibrary.wiley.com/doi/10.1111/2047-8852.12053/full,10.1111/2047-8852.12053,NA,17 March 2015,./webdata/ireland_2013.html
Ireland,2015,2014,https://ejpr.onlinelibrary.wiley.com/doi/10.1111/2047-8852.12092/full,10.1111/2047-8852.12092,NA,28 January 2016,./webdata/ireland_2014.html
Ireland,2016,2015,https://ejpr.onlinelibrary.wiley.com/doi/10.1111/2047-8852.12127/full,10.1111/2047-8852.12127,NA,14 December 2016,./webdata/ireland_2015.html
Ireland,2017,2016,https://ejpr.onlinelibrary.wiley.com/doi/10.1111/2047-8852.12162,10.1111/2047-8852.12162,NA,08 July 2017,./webdata/ireland_2016.html
Ireland,2018,2017,https://ejpr.onlinelibrary.wiley.com/doi/10.1111/2047-8852.12228,10.1111/2047-8852.12228,NA,13 November 2018,./webdata/ireland_2017.html
Italy,2001,2000,https://ejpr.onlinelibrary.wiley.com/doi/10.1111/1475-6765.00358-i1,10.1111/1475-6765.00358-i1,NA,02 May 2003,NA
Italy,2002,2001,https://ejpr.onlinelibrary.wiley.com/doi/10.1111/j.0304-4130.2003.00125.x,10.1111/j.0304-4130.2003.00125.x,NA,10 December 2003,./webdata/italy_2001.html
Italy,2003,2002,https://ejpr.onlinelibrary.wiley.com/doi/10.1111/j.1475-6765.2004.00198.x,10.1111/j.1475-6765.2004.00198.x,NA,06 December 2004,./webdata/italy_2002.html
Italy,2004,2003,https://ejpr.onlinelibrary.wiley.com/doi/10.1111/j.1475-6765.2005.00270.x,10.1111/j.1475-6765.2005.00270.x,NA,11 November 2005,./webdata/italy_2003.html
Italy,2005,2004,https://ejpr.onlinelibrary.wiley.com/doi/10.1111/j.1475-6765.2006.00670.x,10.1111/j.1475-6765.2006.00670.x,NA,30 November 2006,./webdata/italy_2004.html
Italy,2006,2005,https://ejpr.onlinelibrary.wiley.com/doi/10.1111/j.1475-6765.2007.00762.x,10.1111/j.1475-6765.2007.00762.x,NA,26 November 2007,./webdata/italy_2005.html
Italy,2007,2006,https://ejpr.onlinelibrary.wiley.com/doi/10.1111/j.1475-6765.2008.00798.x,10.1111/j.1475-6765.2008.00798.x,NA,13 October 2008,./webdata/italy_2006.html
Italy,2008,2007,https://ejpr.onlinelibrary.wiley.com/doi/10.1111/j.1475-6765.2009.01891.x,10.1111/j.1475-6765.2009.01891.x,NA,06 November 2009,./webdata/italy_2007.html
Italy,2009,2008,https://ejpr.onlinelibrary.wiley.com/doi/10.1111/j.1475-6765.2010.01959.x,10.1111/j.1475-6765.2010.01959.x,NA,17 November 2010,./webdata/italy_2008.html
Italy,2010,2009,https://ejpr.onlinelibrary.wiley.com/doi/10.1111/j.1475-6765.2011.02028.x,10.1111/j.1475-6765.2011.02028.x,NA,20 December 2011,./webdata/italy_2009.html
Italy,2011,2010,https://ejpr.onlinelibrary.wiley.com/doi/10.1111/j.1475-6765.2011.02028.x,10.1111/j.1475-6765.2011.02028.x,NA,20 December 2011,./webdata/italy_2010.html
Italy,2012,2011,https://ejpr.onlinelibrary.wiley.com/doi/10.1111/j.2047-8852.2012.00018.x,10.1111/j.2047-8852.2012.00018.x,NA,06 December 2012,./webdata/italy_2011.html
Italy,2013,2012,https://ejpr.onlinelibrary.wiley.com/doi/10.1111/2047-8852.12017,10.1111/2047-8852.12017,NA,14 January 2014,./webdata/italy_2012.html
Italy,2014,2013,https://ejpr.onlinelibrary.wiley.com/doi/10.1111/2047-8852.12072/full,10.1111/2047-8852.12072,NA,17 March 2015,./webdata/italy_2013.html
Italy,2015,2014,https://ejpr.onlinelibrary.wiley.com/doi/10.1111/2047-8852.12094/full,10.1111/2047-8852.12094,NA,28 January 2016,./webdata/italy_2014.html
Italy,2016,2015,https://ejpr.onlinelibrary.wiley.com/doi/10.1111/2047-8852.12133/full,10.1111/2047-8852.12133,NA,14 December 2016,./webdata/italy_2015.html
Italy,2017,2016,https://ejpr.onlinelibrary.wiley.com/doi/10.1111/2047-8852.12163,10.1111/2047-8852.12163,NA,27 June 2017,./webdata/italy_2016.html
Italy,2018,2017,https://ejpr.onlinelibrary.wiley.com/doi/10.1111/2047-8852.12206,10.1111/2047-8852.12206,NA,01 August 2018,./webdata/italy_2017.html
Luxembourg,2002,2001,https://ejpr.onlinelibrary.wiley.com/doi/10.1111/j.0304-4130.2003.00129.x,10.1111/j.0304-4130.2003.00129.x,NA,10 December 2003,./webdata/luxembourg_2001.html
Luxembourg,2003,2002,https://ejpr.onlinelibrary.wiley.com/doi/10.1111/j.1475-6765.2004.00202.x,10.1111/j.1475-6765.2004.00202.x,NA,06 December 2004,./webdata/luxembourg_2002.html
Luxembourg,2004,2003,https://ejpr.onlinelibrary.wiley.com/doi/10.1111/j.1475-6765.2005.00274.x,10.1111/j.1475-6765.2005.00274.x,NA,11 November 2005,./webdata/luxembourg_2003.html
Luxembourg,2005,2004,https://ejpr.onlinelibrary.wiley.com/doi/10.1111/j.1475-6765.2006.00674.x,10.1111/j.1475-6765.2006.00674.x,NA,30 November 2006,./webdata/luxembourg_2004.html
Luxembourg,2006,2005,https://ejpr.onlinelibrary.wiley.com/doi/10.1111/j.1475-6765.2007.00763.x,10.1111/j.1475-6765.2007.00763.x,NA,26 November 2007,./webdata/luxembourg_2005.html
Luxembourg,2007,2006,https://ejpr.onlinelibrary.wiley.com/doi/10.1111/j.1475-6765.2008.00801.x,10.1111/j.1475-6765.2008.00801.x,NA,13 October 2008,./webdata/luxembourg_2006.html
Luxembourg,2008,2007,https://ejpr.onlinelibrary.wiley.com/doi/10.1111/j.1475-6765.2009.01874.x,10.1111/j.1475-6765.2009.01874.x,NA,06 November 2009,./webdata/luxembourg_2007.html
Luxembourg,2009,2008,https://ejpr.onlinelibrary.wiley.com/doi/10.1111/j.1475-6765.2010.01963.x,10.1111/j.1475-6765.2010.01963.x,NA,17 November 2010,./webdata/luxembourg_2008.html
Luxembourg,2010,2009,https://ejpr.onlinelibrary.wiley.com/doi/10.1111/j.1475-6765.2011.02032.x,10.1111/j.1475-6765.2011.02032.x,NA,20 December 2011,./webdata/luxembourg_2009.html
Luxembourg,2011,2010,https://ejpr.onlinelibrary.wiley.com/doi/10.1111/j.1475-6765.2011.02032.x,10.1111/j.1475-6765.2011.02032.x,NA,20 December 2011,./webdata/luxembourg_2010.html
Luxembourg,2012,2011,https://ejpr.onlinelibrary.wiley.com/doi/10.1111/j.2047-8852.2012.00022.x,10.1111/j.2047-8852.2012.00022.x,NA,06 December 2012,./webdata/luxembourg_2011.html
Luxembourg,2013,2012,https://ejpr.onlinelibrary.wiley.com/doi/10.1111/2047-8852.12021,10.1111/2047-8852.12021,NA,14 January 2014,./webdata/luxembourg_2012.html
Luxembourg,2014,2013,https://ejpr.onlinelibrary.wiley.com/doi/10.1111/2047-8852.12058/full,10.1111/2047-8852.12058,NA,17 March 2015,./webdata/luxembourg_2013.html
Luxembourg,2015,2014,https://ejpr.onlinelibrary.wiley.com/doi/10.1111/2047-8852.12098/full,10.1111/2047-8852.12098,NA,28 January 2016,./webdata/luxembourg_2014.html
Luxembourg,2016,2015,https://ejpr.onlinelibrary.wiley.com/doi/10.1111/2047-8852.12137/full,10.1111/2047-8852.12137,NA,14 December 2016,./webdata/luxembourg_2015.html
Luxembourg,2017,2016,https://ejpr.onlinelibrary.wiley.com/doi/10.1111/2047-8852.12185,10.1111/2047-8852.12185,NA,29 August 2017,./webdata/luxembourg_2016.html
Luxembourg,2018,2017,https://ejpr.onlinelibrary.wiley.com/doi/10.1111/2047-8852.12220,10.1111/2047-8852.12220,NA,30 August 2018,./webdata/luxembourg_2017.html
Netherlands,2001,2000,https://ejpr.onlinelibrary.wiley.com/doi/10.1111/1475-6765.t01-1-00060,10.1111/1475-6765.t01-1-00060,NA,02 May 2003,NA
Netherlands,2002,2001,https://ejpr.onlinelibrary.wiley.com/doi/10.1111/j.0304-4130.2003.00131.x,10.1111/j.0304-4130.2003.00131.x,NA,10 December 2003,./webdata/netherlands_2001.html
Netherlands,2003,2002,https://ejpr.onlinelibrary.wiley.com/doi/10.1111/j.1475-6765.2004.00204.x,10.1111/j.1475-6765.2004.00204.x,NA,06 December 2004,./webdata/netherlands_2002.html
Netherlands,2004,2003,https://ejpr.onlinelibrary.wiley.com/doi/10.1111/j.1475-6765.2005.00276.x,10.1111/j.1475-6765.2005.00276.x,NA,11 November 2005,./webdata/netherlands_2003.html
Netherlands,2005,2004,https://ejpr.onlinelibrary.wiley.com/doi/10.1111/j.1475-6765.2006.00676.x,10.1111/j.1475-6765.2006.00676.x,NA,30 November 2006,./webdata/netherlands_2004.html
Netherlands,2006,2005,https://ejpr.onlinelibrary.wiley.com/doi/10.1111/j.1475-6765.2007.00749.x,10.1111/j.1475-6765.2007.00749.x,NA,26 November 2007,./webdata/netherlands_2005.html
Netherlands,2007,2006,https://ejpr.onlinelibrary.wiley.com/doi/10.1111/j.1475-6765.2008.00802.x,10.1111/j.1475-6765.2008.00802.x,NA,13 October 2008,./webdata/netherlands_2006.html
Netherlands,2008,2007,https://ejpr.onlinelibrary.wiley.com/doi/10.1111/j.1475-6765.2009.01863.x,10.1111/j.1475-6765.2009.01863.x,NA,06 November 2009,./webdata/netherlands_2007.html
Netherlands,2009,2008,https://ejpr.onlinelibrary.wiley.com/doi/10.1111/j.1475-6765.2010.01965.x,10.1111/j.1475-6765.2010.01965.x,NA,17 November 2010,./webdata/netherlands_2008.html
Netherlands,2010,2009,https://ejpr.onlinelibrary.wiley.com/doi/10.1111/j.1475-6765.2011.02034.x,10.1111/j.1475-6765.2011.02034.x,NA,20 December 2011,./webdata/netherlands_2009.html
Netherlands,2011,2010,https://ejpr.onlinelibrary.wiley.com/doi/10.1111/j.2047-8852.2012.00024.x,10.1111/j.2047-8852.2012.00024.x,NA,06 December 2012,./webdata/netherlands_2010.html
Netherlands,2012,2011,https://ejpr.onlinelibrary.wiley.com/doi/10.1111/2047-8852.12023,10.1111/2047-8852.12023,NA,14 January 2014,./webdata/netherlands_2011.html
Netherlands,2013,2012,https://ejpr.onlinelibrary.wiley.com/doi/10.1111/2047-8852.12023/full,10.1111/2047-8852.12023,NA,14 January 2014,./webdata/netherlands_2012.html
Netherlands,2014,2013,https://ejpr.onlinelibrary.wiley.com/doi/10.1111/2047-8852.12060/full,10.1111/2047-8852.12060,NA,17 March 2015,./webdata/netherlands_2013.html
Netherlands,2015,2014,https://ejpr.onlinelibrary.wiley.com/doi/10.1111/2047-8852.12100/full,10.1111/2047-8852.12100,NA,28 January 2016,./webdata/netherlands_2014.html
Netherlands,2016,2015,https://ejpr.onlinelibrary.wiley.com/doi/10.1111/2047-8852.12139/full,10.1111/2047-8852.12139,NA,14 December 2016,./webdata/netherlands_2015.html
Netherlands,2017,2016,https://ejpr.onlinelibrary.wiley.com/doi/10.1111/2047-8852.12159,10.1111/2047-8852.12159,NA,23 June 2017,./webdata/netherlands_2016.html
Netherlands,2018,2017,https://ejpr.onlinelibrary.wiley.com/doi/10.1111/2047-8852.12216,10.1111/2047-8852.12216,NA,27 July 2018,./webdata/netherlands_2017.html
New Zealand,2001,2000,https://ejpr.onlinelibrary.wiley.com/doi/10.1111/1475-6765.00363-i1,10.1111/1475-6765.00363-i1,NA,02 May 2003,NA
New Zealand,2002,2001,https://ejpr.onlinelibrary.wiley.com/doi/10.1111/j.0304-4130.2003.00132.x,10.1111/j.0304-4130.2003.00132.x,NA,10 December 2003,./webdata/new_zealand_2001.html
New Zealand,2003,2002,https://ejpr.onlinelibrary.wiley.com/doi/10.1111/j.1475-6765.2004.00205.x,10.1111/j.1475-6765.2004.00205.x,NA,06 December 2004,./webdata/new_zealand_2002.html
New Zealand,2004,2003,https://ejpr.onlinelibrary.wiley.com/doi/10.1111/j.1475-6765.2005.00277.x,10.1111/j.1475-6765.2005.00277.x,NA,11 November 2005,./webdata/new_zealand_2003.html
New Zealand,2005,2004,https://ejpr.onlinelibrary.wiley.com/doi/10.1111/j.1475-6765.2006.00677.x,10.1111/j.1475-6765.2006.00677.x,NA,30 November 2006,./webdata/new_zealand_2004.html
New Zealand,2006,2005,https://ejpr.onlinelibrary.wiley.com/doi/10.1111/j.1475-6765.2007.00750.x,10.1111/j.1475-6765.2007.00750.x,NA,26 November 2007,./webdata/new_zealand_2005.html
New Zealand,2007,2006,https://ejpr.onlinelibrary.wiley.com/doi/10.1111/j.1475-6765.2008.00803.x,10.1111/j.1475-6765.2008.00803.x,NA,13 October 2008,./webdata/new_zealand_2006.html
New Zealand,2008,2007,https://ejpr.onlinelibrary.wiley.com/doi/10.1111/j.1475-6765.2009.01865.x,10.1111/j.1475-6765.2009.01865.x,NA,06 November 2009,./webdata/new_zealand_2007.html
New Zealand,2009,2008,https://ejpr.onlinelibrary.wiley.com/doi/10.1111/j.1475-6765.2010.01966.x,10.1111/j.1475-6765.2010.01966.x,NA,17 November 2010,./webdata/new_zealand_2008.html
New Zealand,2010,2009,https://ejpr.onlinelibrary.wiley.com/doi/10.1111/j.1475-6765.2011.02035.x,10.1111/j.1475-6765.2011.02035.x,NA,20 December 2011,./webdata/new_zealand_2009.html
New Zealand,2011,2010,https://ejpr.onlinelibrary.wiley.com/doi/10.1111/j.1475-6765.2011.02035.x,10.1111/j.1475-6765.2011.02035.x,NA,20 December 2011,./webdata/new_zealand_2010.html
New Zealand,2012,2011,https://ejpr.onlinelibrary.wiley.com/doi/10.1111/j.2047-8852.2012.00025.x,10.1111/j.2047-8852.2012.00025.x,NA,06 December 2012,./webdata/new_zealand_2011.html
New Zealand,2013,2012,https://ejpr.onlinelibrary.wiley.com/doi/10.1111/2047-8852.12024,10.1111/2047-8852.12024,NA,14 January 2014,./webdata/new_zealand_2012.html
New Zealand,2014,2013,https://ejpr.onlinelibrary.wiley.com/doi/10.1111/2047-8852.12061/full,10.1111/2047-8852.12061,NA,17 March 2015,./webdata/new_zealand_2013.html
New Zealand,2015,2014,https://ejpr.onlinelibrary.wiley.com/doi/10.1111/2047-8852.12101/full,10.1111/2047-8852.12101,NA,28 January 2016,./webdata/new_zealand_2014.html
New Zealand,2016,2015,https://ejpr.onlinelibrary.wiley.com/doi/10.1111/2047-8852.12140/full,10.1111/2047-8852.12140,NA,14 December 2016,./webdata/new_zealand_2015.html
New Zealand,2017,2016,https://ejpr.onlinelibrary.wiley.com/doi/10.1111/2047-8852.12186,10.1111/2047-8852.12186,NA,31 July 2017,./webdata/new_zealand_2016.html
New Zealand,2018,2017,https://ejpr.onlinelibrary.wiley.com/doi/10.1111/2047-8852.12229,10.1111/2047-8852.12229,NA,13 November 2018,./webdata/new_zealand_2017.html
Norway,2001,2000,https://ejpr.onlinelibrary.wiley.com/doi/10.1111/1475-6765.00062,10.1111/1475-6765.00062,NA,02 May 2003,NA
Norway,2002,2001,https://ejpr.onlinelibrary.wiley.com/doi/10.1111/j.0304-4130.2003.00133.x,10.1111/j.0304-4130.2003.00133.x,NA,10 December 2003,./webdata/norway_2001.html
Norway,2003,2002,https://ejpr.onlinelibrary.wiley.com/doi/10.1111/j.1475-6765.2004.00206.x,10.1111/j.1475-6765.2004.00206.x,NA,06 December 2004,./webdata/norway_2002.html
Norway,2004,2003,https://ejpr.onlinelibrary.wiley.com/doi/10.1111/j.1475-6765.2005.00278.x,10.1111/j.1475-6765.2005.00278.x,NA,11 November 2005,./webdata/norway_2003.html
Norway,2005,2004,https://ejpr.onlinelibrary.wiley.com/doi/10.1111/j.1475-6765.2006.00678.x,10.1111/j.1475-6765.2006.00678.x,NA,30 November 2006,./webdata/norway_2004.html
Norway,2006,2005,https://ejpr.onlinelibrary.wiley.com/doi/10.1111/j.1475-6765.2007.00751.x,10.1111/j.1475-6765.2007.00751.x,NA,26 November 2007,./webdata/norway_2005.html
Norway,2007,2006,https://ejpr.onlinelibrary.wiley.com/doi/10.1111/j.1475-6765.2008.00804.x,10.1111/j.1475-6765.2008.00804.x,NA,13 October 2008,./webdata/norway_2006.html
Norway,2008,2007,https://ejpr.onlinelibrary.wiley.com/doi/10.1111/j.1475-6765.2009.01864.x,10.1111/j.1475-6765.2009.01864.x,NA,06 November 2009,./webdata/norway_2007.html
Norway,2009,2008,https://ejpr.onlinelibrary.wiley.com/doi/10.1111/j.1475-6765.2010.01967.x,10.1111/j.1475-6765.2010.01967.x,NA,17 November 2010,./webdata/norway_2008.html
Norway,2010,2009,https://ejpr.onlinelibrary.wiley.com/doi/10.1111/j.1475-6765.2011.02031.x,10.1111/j.1475-6765.2011.02031.x,NA,20 December 2011,./webdata/norway_2009.html
Norway,2011,2010,https://ejpr.onlinelibrary.wiley.com/doi/10.1111/j.1475-6765.2011.02031.x,10.1111/j.1475-6765.2011.02031.x,NA,20 December 2011,./webdata/norway_2010.html
Norway,2012,2011,https://ejpr.onlinelibrary.wiley.com/doi/10.1111/j.2047-8852.2012.00026.x,10.1111/j.2047-8852.2012.00026.x,NA,06 December 2012,./webdata/norway_2011.html
Norway,2013,2012,https://ejpr.onlinelibrary.wiley.com/doi/10.1111/2047-8852.12025,10.1111/2047-8852.12025,NA,14 January 2014,./webdata/norway_2012.html
Norway,2014,2013,https://ejpr.onlinelibrary.wiley.com/doi/10.1111/2047-8852.12062/full,10.1111/2047-8852.12062,NA,17 March 2015,./webdata/norway_2013.html
Norway,2015,2014,https://ejpr.onlinelibrary.wiley.com/doi/10.1111/2047-8852.12102/full,10.1111/2047-8852.12102,NA,28 January 2016,./webdata/norway_2014.html
Norway,2016,2015,https://ejpr.onlinelibrary.wiley.com/doi/10.1111/2047-8852.12141/full,10.1111/2047-8852.12141,NA,14 December 2016,./webdata/norway_2015.html
Norway,2017,2016,https://ejpr.onlinelibrary.wiley.com/doi/10.1111/2047-8852.12176,10.1111/2047-8852.12176,NA,19 July 2017,./webdata/norway_2016.html
Norway,2018,2017,https://ejpr.onlinelibrary.wiley.com/doi/10.1111/2047-8852.12227,10.1111/2047-8852.12227,NA,21 September 2018,./webdata/norway_2017.html
Portugal,2001,2000,https://ejpr.onlinelibrary.wiley.com/doi/10.1111/1475-6765.00060-i1,10.1111/1475-6765.00060-i1,NA,02 May 2003,NA
Portugal,2002,2001,https://ejpr.onlinelibrary.wiley.com/doi/10.1111/j.0304-4130.2003.00135.x,10.1111/j.0304-4130.2003.00135.x,NA,10 December 2003,./webdata/portugal_2001.html
Portugal,2003,2002,https://ejpr.onlinelibrary.wiley.com/doi/10.1111/j.1475-6765.2004.00208.x,10.1111/j.1475-6765.2004.00208.x,NA,06 December 2004,./webdata/portugal_2002.html
Portugal,2004,2003,https://ejpr.onlinelibrary.wiley.com/doi/10.1111/j.1475-6765.2005.00280.x,10.1111/j.1475-6765.2005.00280.x,NA,11 November 2005,./webdata/portugal_2003.html
Portugal,2005,2004,https://ejpr.onlinelibrary.wiley.com/doi/10.1111/j.1475-6765.2006.00680.x,10.1111/j.1475-6765.2006.00680.x,NA,30 November 2006,./webdata/portugal_2004.html
Portugal,2006,2005,https://ejpr.onlinelibrary.wiley.com/doi/10.1111/j.1475-6765.2007.00753.x,10.1111/j.1475-6765.2007.00753.x,NA,26 November 2007,./webdata/portugal_2005.html
Portugal,2007,2006,https://ejpr.onlinelibrary.wiley.com/doi/10.1111/j.1475-6765.2008.00806.x,10.1111/j.1475-6765.2008.00806.x,NA,13 October 2008,./webdata/portugal_2006.html
Portugal,2008,2007,https://ejpr.onlinelibrary.wiley.com/doi/10.1111/j.1475-6765.2009.01866.x,10.1111/j.1475-6765.2009.01866.x,NA,06 November 2009,./webdata/portugal_2007.html
Portugal,2009,2008,https://ejpr.onlinelibrary.wiley.com/doi/10.1111/j.1475-6765.2010.01969.x,10.1111/j.1475-6765.2010.01969.x,NA,17 November 2010,./webdata/portugal_2008.html
Portugal,2010,2009,https://ejpr.onlinelibrary.wiley.com/doi/10.1111/j.1475-6765.2011.02038.x,10.1111/j.1475-6765.2011.02038.x,NA,20 December 2011,./webdata/portugal_2009.html
Portugal,2011,2010,https://ejpr.onlinelibrary.wiley.com/doi/10.1111/j.1475-6765.2011.02038.x,10.1111/j.1475-6765.2011.02038.x,NA,20 December 2011,./webdata/portugal_2010.html
Portugal,2012,2011,https://ejpr.onlinelibrary.wiley.com/doi/10.1111/j.2047-8852.2012.00028.x,10.1111/j.2047-8852.2012.00028.x,NA,06 December 2012,./webdata/portugal_2011.html
Portugal,2013,2012,https://ejpr.onlinelibrary.wiley.com/doi/10.1111/2047-8852.12027,10.1111/2047-8852.12027,NA,14 January 2014,./webdata/portugal_2012.html
Portugal,2014,2013,https://ejpr.onlinelibrary.wiley.com/doi/10.1111/2047-8852.12064/full,10.1111/2047-8852.12064,NA,17 March 2015,./webdata/portugal_2013.html
Portugal,2015,2014,https://ejpr.onlinelibrary.wiley.com/doi/10.1111/2047-8852.12104/full,10.1111/2047-8852.12104,NA,28 January 2016,./webdata/portugal_2014.html
Portugal,2016,2015,https://ejpr.onlinelibrary.wiley.com/doi/10.1111/2047-8852.12143/full,10.1111/2047-8852.12143,NA,14 December 2016,./webdata/portugal_2015.html
Portugal,2017,2016,https://ejpr.onlinelibrary.wiley.com/doi/10.1111/2047-8852.12167,10.1111/2047-8852.12167,NA,21 June 2017,./webdata/portugal_2016.html
Portugal,2018,2017,https://ejpr.onlinelibrary.wiley.com/doi/10.1111/2047-8852.12221,10.1111/2047-8852.12221,NA,20 August 2018,./webdata/portugal_2017.html
Spain,2001,2000,https://onlinelibrary.wiley.com/doi/abs/10.1111/1475-6765.t01-1-00066-i2,NA,NA,NA,NA
Spain,2002,2001,https://onlinelibrary.wiley.com/doi/abs/10.1111/1475-6765.00368-i1,NA,NA,NA,NA
Spain,2003,2002,https://onlinelibrary.wiley.com/doi/abs/10.1111/j.0304-4130.2003.00138.x,NA,NA,NA,NA
Spain,2004,2003,https://ejpr.onlinelibrary.wiley.com/doi/10.1111/j.1475-6765.2004.00211.x,10.1111/j.1475-6765.2004.00211.x,NA,06 December 2004,./webdata/spain_2003.html
Spain,2005,2004,https://ejpr.onlinelibrary.wiley.com/doi/10.1111/j.1475-6765.2005.00283.x,10.1111/j.1475-6765.2005.00283.x,NA,11 November 2005,./webdata/spain_2004.html
Spain,2006,2005,https://onlinelibrary.wiley.com/doi/abs/10.1111/j.1475-6765.2006.00683.x,NA,NA,NA,NA
Spain,2007,2006,https://ejpr.onlinelibrary.wiley.com/doi/10.1111/j.1475-6765.2007.00757.x,10.1111/j.1475-6765.2007.00757.x,NA,26 November 2007,./webdata/spain_2006.html
Spain,2008,2007,https://ejpr.onlinelibrary.wiley.com/doi/10.1111/j.1475-6765.2009.01868.x,10.1111/j.1475-6765.2009.01868.x,NA,06 November 2009,./webdata/spain_2007.html
Spain,2009,2008,https://ejpr.onlinelibrary.wiley.com/doi/10.1111/j.1475-6765.2009.01868.x,10.1111/j.1475-6765.2009.01868.x,NA,06 November 2009,./webdata/spain_2008.html
Spain,2010,2009,https://ejpr.onlinelibrary.wiley.com/doi/10.1111/j.1475-6765.2010.01973.x,10.1111/j.1475-6765.2010.01973.x,NA,17 November 2010,./webdata/spain_2009.html
Spain,2011,2010,https://ejpr.onlinelibrary.wiley.com/doi/10.1111/j.1475-6765.2011.02042.x,10.1111/j.1475-6765.2011.02042.x,NA,20 December 2011,./webdata/spain_2010.html
Spain,2012,2011,https://ejpr.onlinelibrary.wiley.com/doi/10.1111/j.2047-8852.2012.00032.x,10.1111/j.2047-8852.2012.00032.x,NA,06 December 2012,./webdata/spain_2011.html
Spain,2013,2012,https://ejpr.onlinelibrary.wiley.com/doi/full/10.1111/2047-8852.12031,10.1111/2047-8852.12031,NA,14 January 2014,./webdata/spain_2012.html
Spain,2014,2013,https://ejpr.onlinelibrary.wiley.com/doi/full/10.1111/2047-8852.12068,10.1111/2047-8852.12068,NA,17 March 2015,./webdata/spain_2013.html
Spain,2015,2014,https://ejpr.onlinelibrary.wiley.com/doi/full/10.1111/2047-8852.12108,10.1111/2047-8852.12108,NA,28 January 2016,./webdata/spain_2014.html
Spain,2016,2015,https://ejpr.onlinelibrary.wiley.com/doi/full/10.1111/2047-8852.12147,10.1111/2047-8852.12147,NA,14 December 2016,./webdata/spain_2015.html
Spain,2017,2016,https://ejpr.onlinelibrary.wiley.com/doi/10.1111/2047-8852.12188,10.1111/2047-8852.12188,NA,03 October 2017,./webdata/spain_2016.html
Spain,2018,2017,https://ejpr.onlinelibrary.wiley.com/doi/10.1111/2047-8852.12209,10.1111/2047-8852.12209,NA,25 July 2018,./webdata/spain_2017.html
Sweden,2001,2000,https://ejpr.onlinelibrary.wiley.com/doi/10.1111/1475-6765.00064,10.1111/1475-6765.00064,NA,02 May 2003,NA
Sweden,2002,2001,https://ejpr.onlinelibrary.wiley.com/doi/10.1111/j.0304-4130.2003.00139.x,10.1111/j.0304-4130.2003.00139.x,NA,10 December 2003,./webdata/sweden_2001.html
Sweden,2003,2002,https://ejpr.onlinelibrary.wiley.com/doi/10.1111/j.1475-6765.2004.00212.x,10.1111/j.1475-6765.2004.00212.x,NA,06 December 2004,./webdata/sweden_2002.html
Sweden,2004,2003,https://ejpr.onlinelibrary.wiley.com/doi/10.1111/j.1475-6765.2005.00284.x,10.1111/j.1475-6765.2005.00284.x,NA,11 November 2005,./webdata/sweden_2003.html
Sweden,2005,2004,https://ejpr.onlinelibrary.wiley.com/doi/10.1111/j.1475-6765.2006.00684.x,10.1111/j.1475-6765.2006.00684.x,NA,30 November 2006,./webdata/sweden_2004.html
Sweden,2006,2005,https://ejpr.onlinelibrary.wiley.com/doi/10.1111/j.1475-6765.2007.00758.x,10.1111/j.1475-6765.2007.00758.x,NA,26 November 2007,./webdata/sweden_2005.html
Sweden,2007,2006,https://ejpr.onlinelibrary.wiley.com/doi/10.1111/j.1475-6765.2008.00811.x,10.1111/j.1475-6765.2008.00811.x,NA,13 October 2008,./webdata/sweden_2006.html
Sweden,2008,2007,https://ejpr.onlinelibrary.wiley.com/doi/10.1111/j.1475-6765.2009.01869.x,10.1111/j.1475-6765.2009.01869.x,NA,06 November 2009,./webdata/sweden_2007.html
Sweden,2009,2008,https://ejpr.onlinelibrary.wiley.com/doi/10.1111/j.1475-6765.2010.01974.x,10.1111/j.1475-6765.2010.01974.x,NA,17 November 2010,./webdata/sweden_2008.html
Sweden,2010,2009,https://ejpr.onlinelibrary.wiley.com/doi/10.1111/j.1475-6765.2011.02043.x,10.1111/j.1475-6765.2011.02043.x,NA,20 December 2011,./webdata/sweden_2009.html
Sweden,2011,2010,https://ejpr.onlinelibrary.wiley.com/doi/10.1111/j.2047-8852.2012.00033.x,10.1111/j.2047-8852.2012.00033.x,NA,06 December 2012,./webdata/sweden_2010.html
Sweden,2012,2011,https://ejpr.onlinelibrary.wiley.com/doi/10.1111/2047-8852.12032,10.1111/2047-8852.12032,NA,14 January 2014,./webdata/sweden_2011.html
Sweden,2013,2012,https://ejpr.onlinelibrary.wiley.com/doi/10.1111/2047-8852.12032/full,10.1111/2047-8852.12032,NA,14 January 2014,./webdata/sweden_2012.html
Sweden,2014,2013,https://ejpr.onlinelibrary.wiley.com/doi/10.1111/2047-8852.12069/full,10.1111/2047-8852.12069,NA,17 March 2015,./webdata/sweden_2013.html
Sweden,2015,2014,https://ejpr.onlinelibrary.wiley.com/doi/10.1111/2047-8852.12109/full,10.1111/2047-8852.12109,NA,28 January 2016,./webdata/sweden_2014.html
Sweden,2016,2015,https://ejpr.onlinelibrary.wiley.com/doi/10.1111/2047-8852.12148/full,10.1111/2047-8852.12148,NA,14 December 2016,./webdata/sweden_2015.html
Sweden,2017,2016,https://ejpr.onlinelibrary.wiley.com/doi/10.1111/2047-8852.12169,10.1111/2047-8852.12169,NA,21 June 2017,./webdata/sweden_2016.html
Sweden,2018,2017,https://ejpr.onlinelibrary.wiley.com/doi/10.1111/2047-8852.12198,10.1111/2047-8852.12198,NA,13 July 2018,./webdata/sweden_2017.html
Switzerland,2001,2000,https://ejpr.onlinelibrary.wiley.com/doi/10.1111/1475-6765.00370-i1,10.1111/1475-6765.00370-i1,NA,02 May 2003,NA
Switzerland,2002,2001,https://ejpr.onlinelibrary.wiley.com/doi/10.1111/j.0304-4130.2003.00140.x,10.1111/j.0304-4130.2003.00140.x,NA,10 December 2003,./webdata/switzerland_2001.html
Switzerland,2003,2002,https://ejpr.onlinelibrary.wiley.com/doi/10.1111/j.1475-6765.2004.00213.x,10.1111/j.1475-6765.2004.00213.x,NA,06 December 2004,./webdata/switzerland_2002.html
Switzerland,2004,2003,https://ejpr.onlinelibrary.wiley.com/doi/10.1111/j.1475-6765.2005.00285.x,10.1111/j.1475-6765.2005.00285.x,NA,11 November 2005,./webdata/switzerland_2003.html
Switzerland,2005,2004,https://ejpr.onlinelibrary.wiley.com/doi/10.1111/j.1475-6765.2006.00685.x,10.1111/j.1475-6765.2006.00685.x,NA,30 November 2006,./webdata/switzerland_2004.html
Switzerland,2006,2005,https://ejpr.onlinelibrary.wiley.com/doi/10.1111/j.1475-6765.2007.00759.x,10.1111/j.1475-6765.2007.00759.x,NA,26 November 2007,./webdata/switzerland_2005.html
Switzerland,2007,2006,https://ejpr.onlinelibrary.wiley.com/doi/10.1111/j.1475-6765.2008.00812.x,10.1111/j.1475-6765.2008.00812.x,NA,13 October 2008,./webdata/switzerland_2006.html
Switzerland,2008,2007,https://ejpr.onlinelibrary.wiley.com/doi/10.1111/j.1475-6765.2009.01877.x,10.1111/j.1475-6765.2009.01877.x,NA,06 November 2009,./webdata/switzerland_2007.html
Switzerland,2009,2008,https://ejpr.onlinelibrary.wiley.com/doi/10.1111/j.1475-6765.2010.01975.x,10.1111/j.1475-6765.2010.01975.x,NA,17 November 2010,./webdata/switzerland_2008.html
Switzerland,2010,2009,https://ejpr.onlinelibrary.wiley.com/doi/10.1111/j.1475-6765.2011.02044.x,10.1111/j.1475-6765.2011.02044.x,NA,20 December 2011,./webdata/switzerland_2009.html
Switzerland,2011,2010,https://ejpr.onlinelibrary.wiley.com/doi/10.1111/j.2047-8852.2012.00034.x,10.1111/j.2047-8852.2012.00034.x,NA,06 December 2012,./webdata/switzerland_2010.html
Switzerland,2012,2011,https://ejpr.onlinelibrary.wiley.com/doi/10.1111/2047-8852.12033,10.1111/2047-8852.12033,NA,14 January 2014,./webdata/switzerland_2011.html
Switzerland,2013,2012,https://ejpr.onlinelibrary.wiley.com/doi/10.1111/2047-8852.12033/full,10.1111/2047-8852.12033,NA,14 January 2014,./webdata/switzerland_2012.html
Switzerland,2014,2013,https://ejpr.onlinelibrary.wiley.com/doi/10.1111/2047-8852.12073/full,10.1111/2047-8852.12073,NA,17 March 2015,./webdata/switzerland_2013.html
Switzerland,2015,2014,https://ejpr.onlinelibrary.wiley.com/doi/10.1111/2047-8852.12110/full,10.1111/2047-8852.12110,NA,28 January 2016,./webdata/switzerland_2014.html
Switzerland,2016,2015,https://ejpr.onlinelibrary.wiley.com/doi/10.1111/2047-8852.12149/full,10.1111/2047-8852.12149,NA,14 December 2016,./webdata/switzerland_2015.html
Switzerland,2017,2016,https://ejpr.onlinelibrary.wiley.com/doi/10.1111/2047-8852.12189,10.1111/2047-8852.12189,NA,01 August 2017,./webdata/switzerland_2016.html
Switzerland,2018,2017,https://ejpr.onlinelibrary.wiley.com/doi/10.1111/2047-8852.12212,10.1111/2047-8852.12212,NA,12 August 2018,./webdata/switzerland_2017.html
United Kingdom,2001,2000,https://ejpr.onlinelibrary.wiley.com/doi/10.1111/1475-6765.t01-1-00065-i1,10.1111/1475-6765.t01-1-00065-i1,NA,02 May 2003,NA
United Kingdom,2002,2001,https://ejpr.onlinelibrary.wiley.com/doi/10.1111/j.0304-4130.2003.00141.x,10.1111/j.0304-4130.2003.00141.x,NA,10 December 2003,./webdata/united_kingdom_2001.html
United Kingdom,2003,2002,https://ejpr.onlinelibrary.wiley.com/doi/10.1111/j.1475-6765.2004.00214.x,10.1111/j.1475-6765.2004.00214.x,NA,06 December 2004,./webdata/united_kingdom_2002.html
United Kingdom,2004,2003,https://ejpr.onlinelibrary.wiley.com/doi/10.1111/j.1475-6765.2005.00286.x,10.1111/j.1475-6765.2005.00286.x,NA,11 November 2005,./webdata/united_kingdom_2003.html
United Kingdom,2005,2004,https://ejpr.onlinelibrary.wiley.com/doi/10.1111/j.1475-6765.2006.00686.x,10.1111/j.1475-6765.2006.00686.x,NA,30 November 2006,./webdata/united_kingdom_2004.html
United Kingdom,2006,2005,https://ejpr.onlinelibrary.wiley.com/doi/10.1111/j.1475-6765.2007.00764.x,10.1111/j.1475-6765.2007.00764.x,NA,26 November 2007,./webdata/united_kingdom_2005.html
United Kingdom,2007,2006,https://ejpr.onlinelibrary.wiley.com/doi/10.1111/j.1475-6765.2008.00826.x,10.1111/j.1475-6765.2008.00826.x,NA,13 October 2008,./webdata/united_kingdom_2006.html
United Kingdom,2008,2007,https://ejpr.onlinelibrary.wiley.com/doi/10.1111/j.1475-6765.2009.01894.x,10.1111/j.1475-6765.2009.01894.x,NA,06 November 2009,./webdata/united_kingdom_2007.html
United Kingdom,2009,2008,https://ejpr.onlinelibrary.wiley.com/doi/10.1111/j.1475-6765.2010.01976.x,10.1111/j.1475-6765.2010.01976.x,NA,17 November 2010,./webdata/united_kingdom_2008.html
United Kingdom,2010,2009,https://ejpr.onlinelibrary.wiley.com/doi/10.1111/j.1475-6765.2011.02045.x,10.1111/j.1475-6765.2011.02045.x,NA,20 December 2011,./webdata/united_kingdom_2009.html
United Kingdom,2011,2010,https://ejpr.onlinelibrary.wiley.com/doi/10.1111/j.2047-8852.2012.00035.x,10.1111/j.2047-8852.2012.00035.x,NA,06 December 2012,./webdata/united_kingdom_2010.html
United Kingdom,2012,2011,https://ejpr.onlinelibrary.wiley.com/doi/10.1111/2047-8852.12034,10.1111/2047-8852.12034,NA,14 January 2014,./webdata/united_kingdom_2011.html
United Kingdom,2013,2012,https://ejpr.onlinelibrary.wiley.com/doi/10.1111/2047-8852.12034/full,10.1111/2047-8852.12034,NA,14 January 2014,./webdata/united_kingdom_2012.html
United Kingdom,2014,2013,https://ejpr.onlinelibrary.wiley.com/doi/10.1111/2047-8852.12070/full,10.1111/2047-8852.12070,NA,17 March 2015,./webdata/united_kingdom_2013.html
United Kingdom,2015,2014,https://ejpr.onlinelibrary.wiley.com/doi/10.1111/2047-8852.12111/full,10.1111/2047-8852.12111,NA,28 January 2016,./webdata/united_kingdom_2014.html
United Kingdom,2016,2015,https://ejpr.onlinelibrary.wiley.com/doi/full/10.1111/2047-8852.12150,10.1111/2047-8852.12150,NA,14 December 2016,./webdata/united_kingdom_2015.html
United Kingdom,2017,2016,https://ejpr.onlinelibrary.wiley.com/doi/10.1111/2047-8852.12164,10.1111/2047-8852.12164,NA,30 June 2017,./webdata/united_kingdom_2016.html
United Kingdom,2018,2017,https://ejpr.onlinelibrary.wiley.com/doi/10.1111/2047-8852.12210,10.1111/2047-8852.12210,NA,25 July 2018,./webdata/united_kingdom_2017.html
